--
-- Script was generated by Devart dbForge Studio 2020 for MySQL, Version 9.0.338.0
-- Product home page: http://www.devart.com/dbforge/mysql/studio
-- Script date 13/08/2022 20:18:14
-- Server version: 8.0.29
-- Client version: 4.1
--

-- 
-- Disable foreign keys
-- 
/*!40014 SET @OLD_FOREIGN_KEY_CHECKS=@@FOREIGN_KEY_CHECKS, FOREIGN_KEY_CHECKS=0 */;

-- 
-- Set SQL mode
-- 
/*!40101 SET @OLD_SQL_MODE=@@SQL_MODE, SQL_MODE='NO_AUTO_VALUE_ON_ZERO' */;

-- 
-- Set character set the client will use to send SQL statements to the server
--
SET NAMES 'utf8';

DROP DATABASE IF EXISTS libreriaplatzi;

CREATE DATABASE libreriaplatzi
CHARACTER SET utf8mb4
COLLATE utf8mb4_0900_ai_ci;

--
-- Set default database
--
USE libreriaplatzi;

--
-- Create table `martialstatus`
--
CREATE TABLE martialstatus (
  martial_status_id int UNSIGNED NOT NULL AUTO_INCREMENT,
  description varchar(255) DEFAULT NULL,
  PRIMARY KEY (martial_status_id)
)
ENGINE = INNODB,
AUTO_INCREMENT = 7,
AVG_ROW_LENGTH = 2730,
CHARACTER SET utf8mb4,
COLLATE utf8mb4_0900_ai_ci;

--
-- Create table `clients`
--
CREATE TABLE clients (
  client_id int UNSIGNED NOT NULL AUTO_INCREMENT,
  martial_status_id int UNSIGNED NOT NULL,
  name varchar(50) DEFAULT NULL,
  email varchar(100) NOT NULL,
  birthdate date DEFAULT NULL,
  gender enum ('M', 'F') DEFAULT NULL,
  created_at timestamp NOT NULL DEFAULT CURRENT_TIMESTAMP,
  updated_at timestamp NOT NULL DEFAULT CURRENT_TIMESTAMP ON UPDATE CURRENT_TIMESTAMP,
  active tinyint NOT NULL DEFAULT 1,
  PRIMARY KEY (client_id)
)
ENGINE = INNODB,
AUTO_INCREMENT = 101,
AVG_ROW_LENGTH = 163,
CHARACTER SET utf8mb3,
COLLATE utf8_general_ci;

--
-- Create index `email` on table `clients`
--
ALTER TABLE clients
ADD UNIQUE INDEX email (email);

--
-- Create foreign key
--
ALTER TABLE clients
ADD CONSTRAINT FK_clients_martial_status_id FOREIGN KEY (martial_status_id)
REFERENCES martialstatus (martial_status_id);

--
-- Create table `transactions`
--
CREATE TABLE transactions (
  transaction_id int UNSIGNED NOT NULL AUTO_INCREMENT,
  book_id int UNSIGNED NOT NULL,
  client_id int UNSIGNED NOT NULL,
  date datetime DEFAULT NULL,
  estate enum ('lend', 'sell', 'return') NOT NULL,
  created_at timestamp NOT NULL DEFAULT CURRENT_TIMESTAMP,
  updated_at timestamp NOT NULL DEFAULT CURRENT_TIMESTAMP ON UPDATE CURRENT_TIMESTAMP,
  finished tinyint NOT NULL DEFAULT 0,
  active tinyint DEFAULT 1,
  PRIMARY KEY (transaction_id)
)
ENGINE = INNODB,
AUTO_INCREMENT = 8,
AVG_ROW_LENGTH = 2340,
CHARACTER SET utf8mb3,
COLLATE utf8_general_ci;

--
-- Create table `person`
--
CREATE TABLE person (
  person_id int NOT NULL AUTO_INCREMENT,
  dni int DEFAULT NULL,
  PRIMARY KEY (person_id)
)
ENGINE = INNODB,
CHARACTER SET utf8mb4,
COLLATE utf8mb4_0900_ai_ci;

--
-- Create table `books`
--
CREATE TABLE books (
  book_id int UNSIGNED NOT NULL AUTO_INCREMENT,
  author_id int UNSIGNED DEFAULT NULL,
  title varchar(100) NOT NULL,
  year int NOT NULL DEFAULT 1900,
  language varchar(2) NOT NULL COMMENT 'ISO 639-1 Language code (2 chars)',
  cover_url varchar(500) DEFAULT NULL,
  price double(6, 2) DEFAULT NULL,
  sellable tinyint NOT NULL DEFAULT 0,
  copies int NOT NULL DEFAULT 1,
  description text DEFAULT NULL,
  created_at timestamp NULL DEFAULT CURRENT_TIMESTAMP,
  updated_at timestamp NULL DEFAULT CURRENT_TIMESTAMP ON UPDATE CURRENT_TIMESTAMP,
  active tinyint NOT NULL DEFAULT 1,
  PRIMARY KEY (book_id)
)
ENGINE = INNODB,
AUTO_INCREMENT = 199,
AVG_ROW_LENGTH = 249,
CHARACTER SET utf8mb3,
COLLATE utf8_general_ci;

--
-- Create index `book_language` on table `books`
--
ALTER TABLE books
ADD UNIQUE INDEX book_language (title, language);

--
-- Create table `authors`
--
CREATE TABLE authors (
  author_id int UNSIGNED NOT NULL AUTO_INCREMENT,
  name varchar(100) NOT NULL,
  nationality varchar(100) DEFAULT NULL,
  create_at timestamp NOT NULL DEFAULT CURRENT_TIMESTAMP,
  updated_at timestamp NULL DEFAULT CURRENT_TIMESTAMP ON UPDATE CURRENT_TIMESTAMP,
  active tinyint UNSIGNED NOT NULL DEFAULT 1,
  PRIMARY KEY (author_id)
)
ENGINE = INNODB,
AUTO_INCREMENT = 193,
AVG_ROW_LENGTH = 124,
CHARACTER SET utf8mb3,
COLLATE utf8_general_ci;

--
-- Create index `uniq_author` on table `authors`
--
ALTER TABLE authors
ADD UNIQUE INDEX uniq_author (name);

-- 
-- Dumping data for table martialstatus
--
INSERT INTO martialstatus VALUES
(1, 'Single'),
(2, 'Married'),
(3, 'Divorced'),
(4, 'Widowed'),
(5, 'Other'),
(6, 'Prefer Not to say');

-- 
-- Dumping data for table transactions
--
INSERT INTO transactions VALUES
(1, 12, 34, '2022-07-25 00:00:00', 'sell', '2022-07-21 18:32:08', '2022-07-25 16:40:43', 1, 1),
(2, 54, 87, '2022-07-25 00:00:00', 'lend', '2022-07-21 18:32:08', '2022-07-25 16:40:43', 0, 1),
(3, 3, 14, '2022-07-25 00:00:00', 'sell', '2022-07-21 18:32:08', '2022-07-25 16:40:43', 1, 1),
(4, 1, 54, '2022-07-25 00:00:00', 'sell', '2022-07-21 18:32:08', '2022-07-25 16:40:44', 1, 1),
(5, 12, 81, '2022-07-25 00:00:00', 'lend', '2022-07-21 18:32:08', '2022-07-25 16:40:44', 1, 1),
(6, 12, 81, '2022-07-25 00:00:00', 'sell', '2022-07-21 18:32:08', '2022-07-25 16:40:44', 1, 1),
(7, 10, 30, '2022-07-25 00:00:00', 'return', '2022-07-21 18:32:08', '2022-07-25 16:40:45', 1, 1);

-- 
-- Dumping data for table person
--
-- Table libreriaplatzi.person does not contain any data (it is empty)

-- 
-- Dumping data for table clients
--
INSERT INTO clients VALUES
(1, 1, 'Maria Dolores Gomez', 'Maria Dolores.95983222J@random.names', '1971-06-06', 'F', '2018-04-09 16:51:30', '2022-08-11 21:42:08', 1),
(2, 1, 'Adrian Fernandez', 'Adrian.55818851J@random.names', '1970-04-09', 'M', '2018-04-09 16:51:30', '2022-07-25 20:16:45', 1),
(3, 1, 'Maria Luisa Marin', 'Maria Luisa.83726282A@random.names', '1957-07-30', 'F', '2018-04-09 16:51:30', '2022-07-25 20:16:45', 1),
(4, 1, 'Pedro Sanchez', 'Pedro.78522059J@random.names', '1992-01-31', 'M', '2018-04-09 16:51:30', '2022-07-25 20:16:45', 1),
(5, 1, 'Pablo Saavedra', 'Pablo.93733268B@random.names', '1960-07-21', 'M', '2018-04-09 16:51:30', '2022-07-25 20:16:45', 1),
(6, 1, 'Marta Carrillo', 'Marta.55741882W@random.names', '1981-06-15', 'F', '2018-04-09 16:51:30', '2022-07-25 20:16:45', 1),
(7, 1, 'Javier Barrio', 'Javier.54966248C@random.names', '1971-04-24', 'M', '2018-04-09 16:51:30', '2022-07-25 20:16:45', 1),
(8, 1, 'Milagros Garcia', 'Milagros.90074144A@random.names', '1964-12-05', 'F', '2018-04-09 16:51:30', '2022-07-25 20:16:45', 1),
(9, 1, 'Carlos Quiros', 'Carlos.63291957M@random.names', '1954-08-28', 'M', '2018-04-09 16:51:30', '2022-07-25 20:16:45', 1),
(10, 1, 'Carmen De la Torre', 'Carmen.57408761W@random.names', '1966-05-14', 'F', '2018-04-09 16:51:30', '2022-07-25 20:16:45', 1),
(11, 1, 'Laura Moron', 'Laura.57774589S@random.names', '1954-03-02', 'F', '2018-04-09 16:51:30', '2022-07-25 20:16:45', 1),
(12, 1, 'Maria Dolores Larrea', 'Maria Dolores.71788005Z@random.names', '1990-09-04', 'F', '2018-04-09 16:51:30', '2022-07-25 20:16:45', 1),
(13, 1, 'Maria Dolores Sanz', 'Maria Dolores.30948169J@random.names', '2001-08-30', 'F', '2018-04-09 16:51:30', '2022-07-25 20:16:45', 1),
(14, 1, 'Jose Maria Bermudez', 'Jose Maria.24963969E@random.names', '1998-05-23', 'M', '2018-04-09 16:51:30', '2022-07-25 20:16:45', 1),
(15, 1, 'Carlos Blanco', 'Carlos.94783133H@random.names', '1952-08-07', 'M', '2018-04-09 16:51:30', '2022-07-25 20:16:45', 1),
(16, 1, 'Juan Carlos Jurado', 'Juan Carlos.71650477A@random.names', '1990-12-12', 'M', '2018-04-09 16:51:30', '2022-07-25 20:16:45', 1),
(17, 1, 'David Gonzalez', 'David.54332034P@random.names', '1976-05-03', 'M', '2018-04-09 16:51:30', '2022-07-25 20:16:45', 1),
(18, 1, 'Antonia Aranda', 'Antonia.91560262E@random.names', '1979-10-25', 'F', '2018-04-09 16:51:30', '2022-07-25 20:16:45', 1),
(19, 1, 'Maria Moreno', 'Maria.58935447V@random.names', '1997-01-12', 'F', '2018-04-09 16:51:30', '2022-07-25 20:16:45', 1),
(20, 1, 'David Casals', 'David.06746883V@random.names', '1999-07-13', 'M', '2018-04-09 16:51:30', '2022-07-25 20:16:45', 1),
(21, 1, 'Mario Romero', 'Mario.46091382A@random.names', '1985-03-29', 'M', '2018-04-09 16:51:30', '2022-07-25 20:16:45', 1),
(22, 1, 'Maria angeles Alba', 'Maria angeles.91808919A@random.names', '1959-09-14', 'F', '2018-04-09 16:51:30', '2022-07-25 20:16:45', 1),
(23, 1, 'Rafael Espinola', 'Rafael.67605541P@random.names', '1998-10-11', 'M', '2018-04-09 16:51:30', '2022-07-25 20:16:45', 1),
(24, 1, 'Montserrat alvarez', 'Montserrat.31114289G@random.names', '1994-11-06', 'F', '2018-04-09 16:51:30', '2022-07-25 20:16:45', 1),
(25, 1, 'Maria Carmen Gomez', 'Maria Carmen.64351051H@random.names', '1968-06-30', 'F', '2018-04-09 16:51:30', '2022-07-25 20:16:45', 1),
(26, 1, 'Maria Cruz Morillas', 'Maria Cruz.81385695B@random.names', '1978-10-29', 'F', '2018-04-09 16:51:30', '2022-07-25 20:16:45', 1),
(27, 1, 'Josefa Roldan', 'Josefa.51417560W@random.names', '1993-08-09', 'F', '2018-04-09 16:51:30', '2022-07-25 20:16:45', 1),
(28, 1, 'Monica Pla', 'Monica.18992324M@random.names', '1972-06-08', 'F', '2018-04-09 16:51:30', '2022-07-25 20:16:45', 1),
(29, 1, 'Juana Maria Lopez', 'Juana Maria.51072683X@random.names', '1990-07-15', 'F', '2018-04-09 16:51:30', '2022-07-25 20:16:45', 1),
(30, 1, 'Maria Carmen Ponce', 'Maria Carmen.41619980P@random.names', '1984-07-26', 'F', '2018-04-09 16:51:30', '2022-07-25 20:16:45', 1),
(31, 1, 'Juan Carlos Rios', 'Juan Carlos.45673504N@random.names', '1967-05-04', 'M', '2018-04-09 16:51:30', '2022-07-25 20:16:45', 1),
(32, 1, 'Isabel Alfaro', 'Isabel.77316882J@random.names', '1980-07-25', 'F', '2018-04-09 16:51:30', '2022-07-25 20:16:45', 1),
(33, 1, 'Maria Isabel Armas', 'Maria Isabel.42010289F@random.names', '1950-11-21', 'F', '2018-04-09 16:51:30', '2022-07-25 20:16:45', 1),
(34, 1, 'Maria Teresa Castillo', 'Maria Teresa.91228389Q@random.names', '2002-11-08', 'F', '2018-04-09 16:51:30', '2022-07-25 20:16:45', 1),
(35, 1, 'Andres Planells', 'Andres.09981449R@random.names', '1992-06-19', 'M', '2018-04-09 16:51:30', '2022-07-25 20:16:45', 1),
(36, 1, 'Silvia Perez', 'Silvia.91812407H@random.names', '1969-02-15', 'F', '2018-04-09 16:51:30', '2022-07-25 20:16:45', 1),
(37, 1, 'Pablo Gonzalez', 'Pablo.11605676Z@random.names', '2000-10-11', 'M', '2018-04-09 16:51:30', '2022-07-25 20:16:45', 1),
(38, 1, 'Maria Antonia Jimenez', 'Maria Antonia.98071058R@random.names', '1998-06-23', 'F', '2018-04-09 16:51:31', '2022-07-25 20:16:45', 1),
(39, 1, 'Jesus Rodriguez', 'Jesus.86679475L@random.names', '1961-01-17', 'M', '2018-04-09 16:51:31', '2022-07-25 20:16:45', 1),
(40, 1, 'Carmen Rodriguez', 'Carmen.81799536J@random.names', '1973-02-17', 'F', '2018-04-09 16:51:31', '2022-07-25 20:16:45', 1),
(41, 1, 'Maria Dolores Rodriguez', 'Maria Dolores.75444599E@random.names', '1962-08-14', 'F', '2018-04-09 16:51:31', '2022-07-25 20:16:45', 1),
(42, 1, 'Jordi Campos', 'Jordi.76000917Q@random.names', '1956-09-23', 'M', '2018-04-09 16:51:31', '2022-07-25 20:16:45', 1),
(43, 1, 'Carlos Caceres', 'Carlos.97628163V@random.names', '1993-05-16', 'M', '2018-04-09 16:51:31', '2022-07-25 20:16:45', 1),
(44, 1, 'Carmen Robles', 'Carmen.29258188A@random.names', '1955-06-19', 'F', '2018-04-09 16:51:31', '2022-07-25 20:16:45', 1),
(45, 1, 'Sara Rodriguez', 'Sara.16181250Z@random.names', '2001-06-07', 'F', '2018-04-09 16:51:31', '2022-07-25 20:16:45', 1),
(46, 1, 'Maria Carmen Rivera', 'Maria Carmen.59955426S@random.names', '2000-05-27', 'F', '2018-04-09 16:51:31', '2022-07-25 20:16:45', 1),
(47, 1, 'Alberto Cabanas', 'Alberto.40633755T@random.names', '1991-10-27', 'M', '2018-04-09 16:51:31', '2022-07-25 20:16:45', 1),
(48, 1, 'Jose Sanchez', 'Jose.52243847Z@random.names', '1976-12-06', 'M', '2018-04-09 16:51:31', '2022-07-25 20:16:45', 1),
(49, 1, 'Isabel Martinez', 'Isabel.90843261T@random.names', '1962-07-01', 'F', '2018-04-09 16:51:31', '2022-07-25 20:16:45', 1),
(50, 1, 'David Sanchez', 'David.14910073R@random.names', '1975-05-18', 'M', '2018-04-09 16:51:31', '2022-07-25 20:16:45', 1),
(51, 1, 'Sergio Sebastian', 'Sergio.09345984A@random.names', '1959-08-30', 'M', '2018-04-09 16:51:31', '2022-07-25 20:16:45', 1),
(52, 1, 'Manuel Cabrera', 'Manuel.38738750B@random.names', '1993-08-23', 'M', '2018-04-09 16:51:31', '2022-07-25 20:16:45', 1),
(53, 1, 'Marina Gabaldon', 'Marina.12101665P@random.names', '1959-03-25', 'F', '2018-04-09 16:51:31', '2022-07-25 20:16:45', 1),
(54, 1, 'Rafael Galvez', 'Rafael.87947175M@random.names', '1988-09-02', 'M', '2018-04-09 16:51:31', '2022-07-25 20:16:45', 1),
(55, 1, 'Francisco Villar', 'Francisco.13922268T@random.names', '1952-04-25', 'M', '2018-04-09 16:51:31', '2022-07-25 20:16:45', 1),
(56, 1, 'Francisco Garcia', 'Francisco.34242509V@random.names', '1989-01-22', 'M', '2018-04-09 16:51:31', '2022-07-25 20:16:45', 1),
(57, 1, 'Esther Pina', 'Esther.36300729J@random.names', '1977-11-07', 'F', '2018-04-09 16:51:31', '2022-07-25 20:16:45', 1),
(58, 1, 'Maria Jesus Noya', 'Maria Jesus.95839533M@random.names', '1996-08-07', 'F', '2018-04-09 16:51:31', '2022-07-25 20:16:45', 1),
(59, 1, 'Paula Ropero', 'Paula.53630073F@random.names', '1998-09-04', 'F', '2018-04-09 16:51:31', '2022-07-25 20:16:45', 1),
(60, 1, 'Maria Carmen Iglesias', 'Maria Carmen.24044144J@random.names', '1977-06-12', 'F', '2018-04-09 16:51:31', '2022-07-25 20:16:45', 1),
(61, 1, 'Albert Galvez', 'Albert.10067957Y@random.names', '1971-05-17', 'M', '2018-04-09 16:51:31', '2022-07-25 20:16:45', 1),
(62, 1, 'Carmen Lopez', 'Carmen.09399409E@random.names', '1987-03-07', 'F', '2018-04-09 16:51:31', '2022-07-25 20:16:45', 1),
(63, 1, 'Francisco Jose Leon', 'Francisco Jose.07598657D@random.names', '1965-12-11', 'M', '2018-04-09 16:51:31', '2022-07-25 20:16:45', 1),
(64, 1, 'Francisca Gonzalez', 'Francisca.19675393C@random.names', '1957-12-23', 'F', '2018-04-09 16:51:31', '2022-07-25 20:16:45', 1),
(65, 1, 'Daniel Garcia', 'Daniel.01386486T@random.names', '1979-05-29', 'M', '2018-04-09 16:51:31', '2022-07-25 20:16:45', 1),
(66, 1, 'Ana Maria Martinez', 'Ana Maria.91340418N@random.names', '1980-09-14', 'F', '2018-04-09 16:51:31', '2022-07-25 20:16:45', 1),
(67, 1, 'Maria Aguilar', 'Maria.41749884P@random.names', '2000-07-31', 'F', '2018-04-09 16:51:31', '2022-07-25 20:16:45', 1),
(68, 1, 'oscar Penas', 'oscar.31681177B@random.names', '1981-10-02', 'M', '2018-04-09 16:51:31', '2022-07-25 20:16:45', 1),
(69, 1, 'Adrian Vela', 'Adrian.66561884E@random.names', '1978-12-10', 'M', '2018-04-09 16:51:31', '2022-07-25 20:16:45', 1),
(70, 1, 'Francisco Alcalde', 'Francisco.52899588W@random.names', '1967-03-11', 'M', '2018-04-09 16:51:31', '2022-07-25 20:16:45', 1),
(71, 1, 'Maria Dolores Perez', 'Maria Dolores.47800073R@random.names', '2003-11-10', 'F', '2018-04-09 16:51:31', '2022-07-25 20:16:45', 1),
(72, 1, 'Juan Jose Tejada', 'Juan Jose.30429668R@random.names', '1990-06-15', 'M', '2018-04-09 16:51:31', '2022-07-25 20:16:45', 1),
(73, 1, 'Cristobal Nogues', 'Cristobal.01001763K@random.names', '2003-10-01', 'M', '2018-04-09 16:51:31', '2022-07-25 20:16:45', 1),
(74, 1, 'Maria Luisa Sanchez', 'Maria Luisa.91748033K@random.names', '2000-02-03', 'F', '2018-04-09 16:51:31', '2022-07-25 20:16:45', 1),
(75, 1, 'Adrian Orta', 'Adrian.11458937S@random.names', '1952-03-20', 'M', '2018-04-09 16:51:31', '2022-07-25 20:16:45', 1),
(76, 1, 'Maria Pilar Martin', 'Maria Pilar.93607154Y@random.names', '1996-08-29', 'F', '2018-04-09 16:51:31', '2022-07-25 20:16:45', 1),
(77, 1, 'Jesus Perez', 'Jesus.91931655B@random.names', '1954-06-01', 'M', '2018-04-09 16:51:31', '2022-07-25 20:16:45', 1),
(78, 1, 'Jesus Perez', 'Jesus.15757299E@random.names', '1956-08-29', 'M', '2018-04-09 16:51:31', '2022-07-25 20:16:45', 1),
(79, 1, 'Esther Capdevila', 'Esther.96440550D@random.names', '1970-10-12', 'F', '2018-04-09 16:51:31', '2022-07-25 20:16:45', 1),
(80, 1, 'David Nieves', 'David.40697907M@random.names', '1965-04-02', 'M', '2018-04-09 16:51:31', '2022-07-25 20:16:45', 1),
(81, 1, 'Antonia Giron', 'Antonia.32080105G@random.names', '1983-01-22', 'F', '2018-04-09 16:51:31', '2022-07-25 20:16:45', 1),
(82, 1, 'Juan Casero', 'Juan.94063877H@random.names', '1974-06-29', 'M', '2018-04-09 16:51:31', '2022-07-25 20:16:45', 1),
(83, 1, 'Manuel De Pablo', 'Manuel.01279669H@random.names', '1973-03-23', 'M', '2018-04-09 16:51:31', '2022-07-25 20:16:45', 1),
(84, 1, 'angel Palomo', 'angel.28890315S@random.names', '1991-07-04', 'M', '2018-04-09 16:51:31', '2022-07-25 20:16:45', 1),
(85, 1, 'Laura Herrera', 'Laura.98555932N@random.names', '1966-12-12', 'F', '2018-04-09 16:51:31', '2022-07-25 20:16:45', 1),
(86, 1, 'Maria Josefa Benitez', 'Maria Josefa.36743977M@random.names', '1987-04-17', 'F', '2018-04-09 16:51:31', '2022-07-25 20:16:45', 1),
(87, 1, 'Luis Saez', 'Luis.08103734Y@random.names', '1983-03-28', 'M', '2018-04-09 16:51:31', '2022-07-25 20:16:45', 1),
(88, 1, 'Susana Nevado', 'Susana.09442372K@random.names', '1961-12-26', 'F', '2018-04-09 16:51:31', '2022-07-25 20:16:45', 1),
(89, 1, 'Miguel Gomez', 'Miguel.01631964E@random.names', '1965-05-16', 'M', '2018-04-09 16:51:31', '2022-07-25 20:16:45', 1),
(90, 1, 'Julio Mayordomo', 'Julio.77582185B@random.names', '1968-06-05', 'M', '2018-04-09 16:51:31', '2022-07-25 20:16:45', 1),
(91, 1, 'Sonia Mari', 'Sonia.06246888L@random.names', '1994-10-13', 'F', '2018-04-09 16:51:31', '2022-07-25 20:16:45', 1),
(92, 1, 'Antonia Beltran', 'Antonia.96371304Q@random.names', '1967-11-17', 'F', '2018-04-09 16:51:31', '2022-07-25 20:16:45', 1),
(93, 1, 'Mercedes Perez', 'Mercedes.80944345P@random.names', '1958-11-05', 'F', '2018-04-09 16:51:31', '2022-07-25 20:16:45', 1),
(94, 1, 'Concepcion Velez', 'Concepcion.56896097P@random.names', '1964-04-05', 'F', '2018-04-09 16:51:31', '2022-07-25 20:16:45', 1),
(95, 1, 'Diego Correa', 'Diego.44862413Q@random.names', '1999-09-15', 'M', '2018-04-09 16:51:31', '2022-07-25 20:16:45', 1),
(96, 1, 'Juan Antonio Galan', 'Juan Antonio.95710220K@random.names', '1982-11-20', 'M', '2018-04-09 16:51:31', '2022-07-25 20:16:45', 1),
(97, 1, 'Manuel Cerezo', 'Manuel.25853412D@random.names', '1991-03-12', 'M', '2018-04-09 16:51:31', '2022-07-25 20:16:45', 1),
(98, 1, 'Rosa Maria Singh', 'Rosa Maria.41642169W@random.names', '1956-12-31', 'F', '2018-04-09 16:51:31', '2022-07-25 20:16:45', 1),
(99, 1, 'angeles Mena', 'angeles.88859550Q@random.names', '1987-09-22', 'F', '2018-04-09 16:51:31', '2022-07-25 20:16:45', 1),
(100, 1, 'Jose Hidalgo', 'Jose.05903641R@random.names', '1973-08-13', 'M', '2018-04-09 16:51:31', '2022-07-25 20:16:45', 1);

-- 
-- Dumping data for table books
--
INSERT INTO books VALUES
(1, 1, 'The Startup Playbook', 2013, 'en', NULL, 15.00, 1, 5, 'Advice from the experts', '2022-07-25 18:17:53', '2022-07-25 18:24:04', 0),
(2, 1, 'The Startup Playbook', 2014, 'es', NULL, 35.00, 1, 5, 'Consejo de los expertos, traducido por Platzi', '2022-07-25 18:17:53', '2022-07-25 18:24:04', 0),
(3, 3, 'Estudio en escarlata', 1887, 'es', NULL, 17.00, 1, 10, 'La primera novela de Sherlock Holmes', '2022-07-25 18:17:53', '2022-07-25 18:24:04', 0),
(4, 6, 'Wallander: Asesinos sin rostro', 1991, 'es', NULL, 22.00, 1, 3, NULL, '2022-07-25 18:17:53', '2022-07-25 18:24:04', 0),
(5, 6, 'Wallander: Los perros de Riga', 1992, 'es', NULL, 22.00, 1, 3, NULL, '2022-07-25 18:17:53', '2022-07-25 18:24:04', 0),
(6, 6, 'Wallander: La leona blanca', 1993, 'es', NULL, 10.00, 1, 3, NULL, '2022-07-25 18:17:53', '2022-07-25 18:24:04', 0),
(7, 6, 'Wallander: El hombre sonriente', 1994, 'es', NULL, 26.00, 1, 3, NULL, '2022-07-25 18:17:53', '2022-07-25 18:24:04', 0),
(8, 6, 'Wallander: La falsa pista', 1995, 'es', NULL, 15.00, 1, 3, NULL, '2022-07-25 18:17:53', '2022-07-25 18:24:04', 0),
(9, 6, 'Wallander: La quinta mujer', 1996, 'es', NULL, 10.00, 1, 3, NULL, '2022-07-25 18:17:53', '2022-07-25 18:24:04', 0),
(10, 6, 'Wallander: Pisando los talones', 1997, 'es', NULL, 25.00, 1, 3, NULL, '2022-07-25 18:17:53', '2022-07-25 18:24:04', 0),
(11, 6, 'Wallander: Cortafuegos', 1998, 'es', NULL, 30.00, 1, 3, NULL, '2022-07-25 18:17:53', '2022-07-25 18:24:04', 0),
(12, 5, 'El llano en llamas', 1953, 'es', NULL, 15.00, 0, 1, NULL, '2022-07-25 18:17:53', '2022-07-25 18:24:04', 0),
(13, 7, 'Fundamentals of Wavelets', 1900, 'en', NULL, 28.00, 1, 4, NULL, '2022-07-25 18:17:53', '2022-07-25 18:24:04', 0),
(14, 8, 'Data Smart', 1900, 'en', NULL, 34.00, 1, 4, NULL, '2022-07-25 18:17:53', '2022-07-25 18:24:04', 0),
(15, 9, 'God Created the Integers', 1900, 'en', NULL, 25.00, 1, 4, NULL, '2022-07-25 18:17:53', '2022-07-25 18:24:04', 0),
(16, 10, 'Superfreakonomics', 1900, 'en', NULL, 14.00, 1, 4, NULL, '2022-07-25 18:17:53', '2022-07-25 18:24:04', 0),
(17, 11, 'Orientalism', 1900, 'en', NULL, 35.00, 1, 4, NULL, '2022-07-25 18:17:53', '2022-07-25 18:24:04', 0),
(18, 12, 'The Nature of Statistical Learning Theory', 1900, 'en', NULL, 23.00, 1, 4, NULL, '2022-07-25 18:17:53', '2022-07-25 18:24:04', 0),
(19, 13, 'Integration of the Indian States', 1900, 'en', NULL, 23.00, 1, 4, NULL, '2022-07-25 18:17:53', '2022-07-25 18:24:04', 0),
(20, 14, 'The Drunkard''s Walk', 1900, 'en', NULL, 11.00, 1, 4, NULL, '2022-07-25 18:17:53', '2022-07-25 18:24:04', 0),
(21, 15, 'Image Processing & Mathematical Morphology', 1900, 'en', NULL, 27.00, 1, 4, NULL, '2022-07-25 18:17:53', '2022-07-25 18:24:04', 0),
(22, 16, 'How to Think Like Sherlock Holmes', 1900, 'en', NULL, 16.00, 1, 4, NULL, '2022-07-25 18:17:53', '2022-07-25 18:24:04', 0),
(23, 17, 'Data Scientists at Work', 1900, 'en', NULL, 16.00, 1, 4, NULL, '2022-07-25 18:17:53', '2022-07-25 18:24:04', 0),
(24, 18, 'Slaughterhouse Five', 1900, 'en', NULL, 24.00, 1, 4, NULL, '2022-07-25 18:17:53', '2022-07-25 18:24:04', 0),
(25, 19, 'Birth of a Theorem', 1900, 'en', NULL, 10.00, 1, 4, NULL, '2022-07-25 18:17:53', '2022-07-25 18:24:04', 0),
(26, 20, 'Structure & Interpretation of Computer Programs', 1900, 'en', NULL, 21.00, 1, 4, NULL, '2022-07-25 18:17:53', '2022-07-25 18:24:04', 0),
(27, 21, 'The Age of Wrath', 1900, 'en', NULL, 11.00, 1, 4, NULL, '2022-07-25 18:17:53', '2022-07-25 18:24:04', 0),
(28, 22, 'The Trial', 1900, 'en', NULL, 12.00, 1, 4, NULL, '2022-07-25 18:17:53', '2022-07-25 18:24:04', 0),
(29, 23, 'Statistical Decision Theory', 1900, 'en', NULL, 14.00, 1, 4, NULL, '2022-07-25 18:17:53', '2022-07-25 18:24:04', 0),
(30, 24, 'Data Mining Handbook', 1900, 'en', NULL, 27.00, 1, 4, NULL, '2022-07-25 18:17:53', '2022-07-25 18:24:04', 0),
(31, 25, 'The New Machiavelli', 1900, 'en', NULL, 33.00, 1, 4, NULL, '2022-07-25 18:17:53', '2022-07-25 18:24:04', 0),
(32, 26, 'Physics & Philosophy', 1900, 'en', NULL, 20.00, 1, 4, NULL, '2022-07-25 18:17:53', '2022-07-25 18:24:04', 0),
(33, 27, 'Making Software', 1900, 'en', NULL, 16.00, 1, 4, NULL, '2022-07-25 18:17:53', '2022-07-25 18:24:04', 0),
(34, 28, 'Vol I Analysis', 1900, 'en', NULL, 14.00, 1, 4, NULL, '2022-07-25 18:17:53', '2022-07-25 18:24:04', 0),
(35, 29, 'Machine Learning for Hackers', 1900, 'en', NULL, 10.00, 1, 4, NULL, '2022-07-25 18:17:53', '2022-07-25 18:24:04', 0),
(36, 30, 'The Signal and the Noise', 1900, 'en', NULL, 23.00, 1, 4, NULL, '2022-07-25 18:17:53', '2022-07-25 18:24:04', 0),
(37, 31, 'Python for Data Analysis', 1900, 'en', NULL, 27.00, 1, 4, NULL, '2022-07-25 18:17:53', '2022-07-25 18:24:04', 0),
(38, 32, 'Introduction to Algorithms', 1900, 'en', NULL, 28.00, 1, 4, NULL, '2022-07-25 18:17:53', '2022-07-25 18:24:04', 0),
(39, 33, 'The Beautiful and the Damned', 1900, 'en', NULL, 25.00, 1, 4, NULL, '2022-07-25 18:17:53', '2022-07-25 18:24:04', 0),
(40, 34, 'The Outsider', 1900, 'en', NULL, 30.00, 1, 4, NULL, '2022-07-25 18:17:53', '2022-07-25 18:24:04', 0),
(41, 3, 'The - Vol I Complete Sherlock Holmes', 1900, 'en', NULL, 16.00, 1, 4, NULL, '2022-07-25 18:17:53', '2022-07-25 18:24:04', 0),
(42, 3, 'The - Vol II Complete Sherlock Holmes', 1900, 'en', NULL, 30.00, 1, 4, NULL, '2022-07-25 18:17:53', '2022-07-25 18:24:04', 0),
(43, 37, 'The Wealth of Nations', 1900, 'en', NULL, 14.00, 1, 4, NULL, '2022-07-25 18:17:53', '2022-07-25 18:24:04', 0),
(44, 38, 'The Pillars of the Earth', 1900, 'en', NULL, 25.00, 1, 4, NULL, '2022-07-25 18:17:53', '2022-07-25 18:24:04', 0),
(45, 39, 'The Tao of Physics', 1900, 'en', NULL, 23.00, 1, 4, NULL, '2022-07-25 18:17:53', '2022-07-25 18:24:04', 0),
(46, 40, 'Surely You''s re Joking Mr Feynman', 1900, 'en', NULL, 27.00, 1, 4, NULL, '2022-07-25 18:17:53', '2022-07-25 18:24:04', 0),
(47, 41, 'A Farewell to Arms', 1900, 'en', NULL, 30.00, 1, 4, NULL, '2022-07-25 18:17:53', '2022-07-25 18:24:04', 0),
(48, 42, 'The Veteran', 1900, 'en', NULL, 35.00, 1, 4, NULL, '2022-07-25 18:17:53', '2022-07-25 18:24:04', 0),
(49, 43, 'False Impressions', 1900, 'en', NULL, 25.00, 1, 4, NULL, '2022-07-25 18:17:53', '2022-07-25 18:24:04', 0),
(50, 44, 'The Last Lecture', 1900, 'en', NULL, 10.00, 1, 4, NULL, '2022-07-25 18:17:53', '2022-07-25 18:24:04', 0),
(51, 45, 'Return of the Primitive', 1900, 'en', NULL, 16.00, 1, 4, NULL, '2022-07-25 18:17:53', '2022-07-25 18:24:04', 0),
(52, 46, 'Jurassic Park', 1900, 'en', NULL, 17.00, 1, 4, NULL, '2022-07-25 18:17:53', '2022-07-25 18:24:04', 0),
(53, 47, 'A Russian Journal', 1900, 'en', NULL, 24.00, 1, 4, NULL, '2022-07-25 18:17:53', '2022-07-25 18:24:04', 0),
(54, 48, 'Tales of Mystery and Imagination', 1900, 'en', NULL, 10.00, 1, 4, NULL, '2022-07-25 18:17:53', '2022-07-25 18:24:04', 0),
(55, 10, 'Freakonomics', 1900, 'en', NULL, 20.00, 1, 4, NULL, '2022-07-25 18:17:53', '2022-07-25 18:24:04', 0),
(56, 39, 'The Hidden Connections', 1900, 'en', NULL, 34.00, 1, 4, NULL, '2022-07-25 18:17:53', '2022-07-25 18:24:04', 0),
(57, 51, 'The Story of Philosophy', 1900, 'en', NULL, 24.00, 1, 4, NULL, '2022-07-25 18:17:53', '2022-07-25 18:24:04', 0),
(58, 52, 'Asami Asami', 1900, 'en', NULL, 33.00, 1, 4, NULL, '2022-07-25 18:17:53', '2022-07-25 18:24:04', 0),
(59, 47, 'Journal of a Novel', 1900, 'en', NULL, 32.00, 1, 4, NULL, '2022-07-25 18:17:53', '2022-07-25 18:24:04', 0),
(60, 47, 'Once There Was a War', 1900, 'en', NULL, 24.00, 1, 4, NULL, '2022-07-25 18:17:53', '2022-07-25 18:24:04', 0),
(61, 47, 'The Moon is Down', 1900, 'en', NULL, 18.00, 1, 4, NULL, '2022-07-25 18:17:53', '2022-07-25 18:24:04', 0),
(62, 56, 'The Brethren', 1900, 'en', NULL, 31.00, 1, 4, NULL, '2022-07-25 18:17:53', '2022-07-25 18:24:04', 0),
(63, 57, 'In a Free State', 1900, 'en', NULL, 14.00, 1, 4, NULL, '2022-07-25 18:17:53', '2022-07-25 18:24:04', 0),
(64, 58, 'Catch 22', 1900, 'en', NULL, 21.00, 1, 4, NULL, '2022-07-25 18:17:53', '2022-07-25 18:24:04', 0),
(65, 59, 'The Complete Mastermind', 1900, 'en', NULL, 28.00, 1, 4, NULL, '2022-07-25 18:17:53', '2022-07-25 18:24:04', 0),
(66, 60, 'Dylan on Dylan', 1900, 'en', NULL, 16.00, 1, 4, NULL, '2022-07-25 18:17:53', '2022-07-25 18:24:04', 0),
(67, 61, 'Soft Computing & Intelligent Systems', 1900, 'en', NULL, 11.00, 1, 4, NULL, '2022-07-25 18:17:53', '2022-07-25 18:24:04', 0),
(68, 62, 'Textbook of Economic Theory', 1900, 'en', NULL, 23.00, 1, 4, NULL, '2022-07-25 18:17:53', '2022-07-25 18:24:04', 0),
(69, 63, 'Econometric Analysis', 1900, 'en', NULL, 19.00, 1, 4, NULL, '2022-07-25 18:17:53', '2022-07-25 18:24:04', 0),
(70, 64, 'Learning OpenCV', 1900, 'en', NULL, 20.00, 1, 4, NULL, '2022-07-25 18:17:53', '2022-07-25 18:24:04', 0),
(71, 65, 'Data Structures Using C & C++', 1900, 'en', NULL, 32.00, 1, 4, NULL, '2022-07-25 18:17:53', '2022-07-25 18:24:04', 0),
(72, 66, 'A Modern Approach Computer Vision', 1900, 'en', NULL, 14.00, 1, 4, NULL, '2022-07-25 18:17:53', '2022-07-25 18:24:04', 0),
(73, 67, 'Principles of Communication Systems', 1900, 'en', NULL, 14.00, 1, 4, NULL, '2022-07-25 18:17:53', '2022-07-25 18:24:04', 0),
(74, 68, 'Let Us C', 1900, 'en', NULL, 20.00, 1, 4, NULL, '2022-07-25 18:17:53', '2022-07-25 18:24:04', 0),
(75, 69, 'The Amulet of Samarkand', 1900, 'en', NULL, 21.00, 1, 4, NULL, '2022-07-25 18:17:53', '2022-07-25 18:24:04', 0),
(76, 70, 'Crime and Punishment', 1900, 'en', NULL, 10.00, 1, 4, NULL, '2022-07-25 18:17:53', '2022-07-25 18:24:04', 0),
(77, 71, 'Angels & Demons', 1900, 'en', NULL, 29.00, 1, 4, NULL, '2022-07-25 18:17:53', '2022-07-25 18:24:04', 0),
(78, 72, 'The Argumentative Indian', 1900, 'en', NULL, 29.00, 1, 4, NULL, '2022-07-25 18:17:53', '2022-07-25 18:24:04', 0),
(79, 73, 'Sea of Poppies', 1900, 'en', NULL, 20.00, 1, 4, NULL, '2022-07-25 18:17:53', '2022-07-25 18:24:04', 0),
(80, 72, 'The Idea of Justice', 1900, 'en', NULL, 32.00, 1, 4, NULL, '2022-07-25 18:17:53', '2022-07-25 18:24:04', 0),
(81, 75, 'A Raisin in the Sun', 1900, 'en', NULL, 12.00, 1, 4, NULL, '2022-07-25 18:17:53', '2022-07-25 18:24:04', 0),
(82, 76, 'All the President''s Men', 1900, 'en', NULL, 33.00, 1, 4, NULL, '2022-07-25 18:17:53', '2022-07-25 18:24:04', 0),
(83, 43, 'A Prisoner of Birth', 1900, 'en', NULL, 16.00, 1, 4, NULL, '2022-07-25 18:17:53', '2022-07-25 18:24:04', 0),
(84, 78, 'Scoop!', 1900, 'en', NULL, 24.00, 1, 4, NULL, '2022-07-25 18:17:53', '2022-07-25 18:24:04', 0),
(85, 79, 'Ahe Manohar Tari', 1900, 'en', NULL, 34.00, 1, 4, NULL, '2022-07-25 18:17:53', '2022-07-25 18:24:04', 0),
(86, 80, 'The Last Mughal', 1900, 'en', NULL, 11.00, 1, 4, NULL, '2022-07-25 18:17:53', '2022-07-25 18:24:04', 0),
(87, 81, 'Vol 39 No. 1 Social Choice & Welfare', 1900, 'en', NULL, 23.00, 1, 4, NULL, '2022-07-25 18:17:53', '2022-07-25 18:24:04', 0),
(88, 52, 'Radiowaril Bhashane & Shrutika', 1900, 'en', NULL, 22.00, 1, 4, NULL, '2022-07-25 18:17:53', '2022-07-25 18:24:04', 0),
(89, 52, 'Gun Gayin Awadi', 1900, 'en', NULL, 29.00, 1, 4, NULL, '2022-07-25 18:17:53', '2022-07-25 18:24:04', 0),
(90, 52, 'Aghal Paghal', 1900, 'en', NULL, 18.00, 1, 4, NULL, '2022-07-25 18:17:53', '2022-07-25 18:24:04', 0),
(91, 85, 'Maqta-e-Ghalib', 1900, 'en', NULL, 20.00, 1, 4, NULL, '2022-07-25 18:17:53', '2022-07-25 18:24:04', 0),
(92, 86, 'Manasa', 1900, 'en', NULL, 11.00, 1, 4, NULL, '2022-07-25 18:17:53', '2022-07-25 18:24:04', 0),
(93, 87, 'India from Midnight to Milennium', 1900, 'en', NULL, 35.00, 1, 4, NULL, '2022-07-25 18:17:53', '2022-07-25 18:24:04', 0),
(94, 87, 'The Great Indian Novel', 1900, 'en', NULL, 32.00, 1, 4, NULL, '2022-07-25 18:17:53', '2022-07-25 18:24:04', 0),
(95, 89, 'O Jerusalem!', 1900, 'en', NULL, 17.00, 1, 4, NULL, '2022-07-25 18:17:53', '2022-07-25 18:24:04', 0),
(96, 89, 'The City of Joy', 1900, 'en', NULL, 34.00, 1, 4, NULL, '2022-07-25 18:17:53', '2022-07-25 18:24:04', 0),
(97, 89, 'Freedom at Midnight', 1900, 'en', NULL, 29.00, 1, 4, NULL, '2022-07-25 18:17:53', '2022-07-25 18:24:04', 0),
(98, 47, 'The Winter of Our Discontent', 1900, 'en', NULL, 10.00, 1, 4, NULL, '2022-07-25 18:17:53', '2022-07-25 18:24:04', 0),
(99, 93, 'On Education', 1900, 'en', NULL, 30.00, 1, 4, NULL, '2022-07-25 18:17:53', '2022-07-25 18:24:04', 0),
(100, 94, 'Free Will', 1900, 'en', NULL, 32.00, 1, 4, NULL, '2022-07-25 18:17:53', '2022-07-25 18:24:04', 0),
(101, 87, 'Bookless in Baghdad', 1900, 'en', NULL, 34.00, 1, 4, NULL, '2022-07-25 18:17:53', '2022-07-25 18:24:04', 0),
(102, 96, 'The Case of the Lame Canary', 1900, 'en', NULL, 12.00, 1, 4, NULL, '2022-07-25 18:17:53', '2022-07-25 18:24:04', 0),
(103, 9, 'The Theory of Everything', 1900, 'en', NULL, 29.00, 1, 4, NULL, '2022-07-25 18:17:53', '2022-07-25 18:24:04', 0),
(104, 98, 'New Markets & Other Essays', 1900, 'en', NULL, 20.00, 1, 4, NULL, '2022-07-25 18:17:53', '2022-07-25 18:24:04', 0),
(105, 99, 'Electric Universe', 1900, 'en', NULL, 31.00, 1, 4, NULL, '2022-07-25 18:17:53', '2022-07-25 18:24:04', 0),
(106, 100, 'The Hunchback of Notre Dame', 1900, 'en', NULL, 33.00, 1, 4, NULL, '2022-07-25 18:17:53', '2022-07-25 18:24:04', 0),
(107, 47, 'Burning Bright', 1900, 'en', NULL, 34.00, 1, 4, NULL, '2022-07-25 18:17:53', '2022-07-25 18:24:04', 0),
(108, 98, 'The Age of Discontuinity', 1900, 'en', NULL, 12.00, 1, 4, NULL, '2022-07-25 18:17:53', '2022-07-25 18:24:04', 0),
(109, 103, 'Doctor in the Nude', 1900, 'en', NULL, 26.00, 1, 4, NULL, '2022-07-25 18:17:53', '2022-07-25 18:24:04', 0),
(110, 104, 'Down and Out in Paris & London', 1900, 'en', NULL, 34.00, 1, 4, NULL, '2022-07-25 18:17:53', '2022-07-25 18:24:04', 0),
(111, 72, 'Identity & Violence', 1900, 'en', NULL, 30.00, 1, 4, NULL, '2022-07-25 18:17:53', '2022-07-25 18:24:04', 0),
(112, 80, 'Beyond the Three Seas', 1900, 'en', NULL, 14.00, 1, 4, NULL, '2022-07-25 18:17:53', '2022-07-25 18:24:04', 0),
(113, 107, 'Talking Straight', 1900, 'en', NULL, 21.00, 1, 4, NULL, '2022-07-25 18:17:53', '2022-07-25 18:24:04', 0),
(114, 108, 'Vol 3 Maugham''s Collected Short Stories', 1900, 'en', NULL, 29.00, 1, 4, NULL, '2022-07-25 18:17:53', '2022-07-25 18:24:04', 0),
(115, 42, 'The Phantom of Manhattan', 1900, 'en', NULL, 21.00, 1, 4, NULL, '2022-07-25 18:17:53', '2022-07-25 18:24:04', 0),
(116, 108, 'Ashenden of The British Agent', 1900, 'en', NULL, 32.00, 1, 4, NULL, '2022-07-25 18:17:53', '2022-07-25 18:24:04', 0),
(117, 111, 'Zen & The Art of Motorcycle Maintenance', 1900, 'en', NULL, 12.00, 1, 4, NULL, '2022-07-25 18:17:53', '2022-07-25 18:24:04', 0),
(118, 112, 'The Great War for Civilization', 1900, 'en', NULL, 33.00, 1, 4, NULL, '2022-07-25 18:17:53', '2022-07-25 18:24:04', 0),
(119, 45, 'We the Living', 1900, 'en', NULL, 15.00, 1, 4, NULL, '2022-07-25 18:17:53', '2022-07-25 18:24:04', 0),
(120, 114, 'The Artist and the Mathematician', 1900, 'en', NULL, 20.00, 1, 4, NULL, '2022-07-25 18:17:53', '2022-07-25 18:24:04', 0),
(121, 93, 'History of Western Philosophy', 1900, 'en', NULL, 18.00, 1, 4, NULL, '2022-07-25 18:17:53', '2022-07-25 18:24:04', 0),
(122, 72, 'Rationality & Freedom', 1900, 'en', NULL, 22.00, 1, 4, NULL, '2022-07-25 18:17:53', '2022-07-25 18:24:04', 0),
(123, 117, 'Clash of Civilizations and Remaking of the World Order', 1900, 'en', NULL, 21.00, 1, 4, NULL, '2022-07-25 18:17:53', '2022-07-25 18:24:04', 0),
(124, 39, 'Uncommon Wisdom', 1900, 'en', NULL, 29.00, 1, 4, NULL, '2022-07-25 18:17:53', '2022-07-25 18:24:04', 0),
(125, 119, 'One', 1900, 'en', NULL, 20.00, 1, 4, NULL, '2022-07-25 18:17:53', '2022-07-25 18:24:04', 0),
(126, 120, 'To Sir With Love', 1900, 'en', NULL, 29.00, 1, 4, NULL, '2022-07-25 18:17:53', '2022-07-25 18:24:04', 0),
(127, 121, 'Half A Life', 1900, 'en', NULL, 25.00, 1, 4, NULL, '2022-07-25 18:17:53', '2022-07-25 18:24:04', 0),
(128, 122, 'The Discovery of India', 1900, 'en', NULL, 29.00, 1, 4, NULL, '2022-07-25 18:17:53', '2022-07-25 18:24:04', 0),
(129, 52, 'Apulki', 1900, 'en', NULL, 33.00, 1, 4, NULL, '2022-07-25 18:17:53', '2022-07-25 18:24:04', 0),
(130, 93, 'Unpopular Essays', 1900, 'en', NULL, 18.00, 1, 4, NULL, '2022-07-25 18:17:53', '2022-07-25 18:24:04', 0),
(131, 42, 'The Deceiver', 1900, 'en', NULL, 34.00, 1, 4, NULL, '2022-07-25 18:17:53', '2022-07-25 18:24:04', 0),
(132, 76, 'Veil: Secret Wars of the CIA', 1900, 'en', NULL, 29.00, 1, 4, NULL, '2022-07-25 18:17:53', '2022-07-25 18:24:04', 0),
(133, 52, 'Char Shabda', 1900, 'en', NULL, 32.00, 1, 4, NULL, '2022-07-25 18:17:53', '2022-07-25 18:24:04', 0),
(134, 128, 'Rosy is My Relative', 1900, 'en', NULL, 14.00, 1, 4, NULL, '2022-07-25 18:17:53', '2022-07-25 18:24:04', 0),
(135, 108, 'The Moon and Sixpence', 1900, 'en', NULL, 13.00, 1, 4, NULL, '2022-07-25 18:17:53', '2022-07-25 18:24:04', 0),
(136, 130, 'A Short History of the World', 1900, 'en', NULL, 15.00, 1, 4, NULL, '2022-07-25 18:17:53', '2022-07-25 18:24:04', 0),
(137, 108, 'The Trembling of a Leaf', 1900, 'en', NULL, 25.00, 1, 4, NULL, '2022-07-25 18:17:53', '2022-07-25 18:24:04', 0),
(138, 103, 'Doctor on the Brain', 1900, 'en', NULL, 21.00, 1, 4, NULL, '2022-07-25 18:17:53', '2022-07-25 18:24:04', 0),
(139, 133, 'Simpsons & Their Mathematical Secrets', 1900, 'en', NULL, 18.00, 1, 4, NULL, '2022-07-25 18:17:53', '2022-07-25 18:24:04', 0),
(140, 134, 'Pattern Classification', 1900, 'en', NULL, 18.00, 1, 4, NULL, '2022-07-25 18:17:53', '2022-07-25 18:24:04', 0),
(141, 135, 'From Beirut to Jerusalem', 1900, 'en', NULL, 29.00, 1, 4, NULL, '2022-07-25 18:17:53', '2022-07-25 18:24:04', 0),
(142, 133, 'The Code Book', 1900, 'en', NULL, 26.00, 1, 4, NULL, '2022-07-25 18:17:53', '2022-07-25 18:24:04', 0),
(143, 112, 'The Age of the Warrior', 1900, 'en', NULL, 10.00, 1, 4, NULL, '2022-07-25 18:17:53', '2022-07-25 18:24:04', 0),
(144, 138, 'The Numbers Behind Numb3rs', 1900, 'en', NULL, 14.00, 1, 4, NULL, '2022-07-25 18:17:53', '2022-07-25 18:24:04', 0),
(145, 47, 'A Life in Letters', 1900, 'en', NULL, 31.00, 1, 4, NULL, '2022-07-25 18:17:53', '2022-07-25 18:24:04', 0),
(146, 140, 'The Information', 1900, 'en', NULL, 23.00, 1, 4, NULL, '2022-07-25 18:17:53', '2022-07-25 18:24:04', 0),
(147, 141, 'Elements of Information Theory', 1900, 'en', NULL, 16.00, 1, 4, NULL, '2022-07-25 18:17:53', '2022-07-25 18:24:04', 0),
(148, 142, 'Power Electronics - Rashid', 1900, 'en', NULL, 25.00, 1, 4, NULL, '2022-07-25 18:17:53', '2022-07-25 18:24:04', 0),
(149, 143, 'Power Electronics - Mohan', 1900, 'en', NULL, 18.00, 1, 4, NULL, '2022-07-25 18:17:53', '2022-07-25 18:24:04', 0),
(150, 144, 'Neural Networks', 1900, 'en', NULL, 29.00, 1, 4, NULL, '2022-07-25 18:17:53', '2022-07-25 18:24:04', 0),
(151, 47, 'The Grapes of Wrath', 1900, 'en', NULL, 31.00, 1, 4, NULL, '2022-07-25 18:17:53', '2022-07-25 18:24:04', 0),
(152, 52, 'Vyakti ani Valli', 1900, 'en', NULL, 30.00, 1, 4, NULL, '2022-07-25 18:17:53', '2022-07-25 18:24:04', 0),
(153, 12, 'Statistical Learning Theory', 1900, 'en', NULL, 24.00, 1, 4, NULL, '2022-07-25 18:17:53', '2022-07-25 18:24:04', 0),
(154, 148, 'Empire of the Mughal - The Tainted Throne', 1900, 'en', NULL, 19.00, 1, 4, NULL, '2022-07-25 18:17:53', '2022-07-25 18:24:04', 0),
(155, 148, 'Empire of the Mughal - Brothers at War', 1900, 'en', NULL, 14.00, 1, 4, NULL, '2022-07-25 18:17:53', '2022-07-25 18:24:04', 0),
(156, 148, 'Empire of the Mughal - Ruler of the World', 1900, 'en', NULL, 29.00, 1, 4, NULL, '2022-07-25 18:17:53', '2022-07-25 18:24:04', 0),
(157, 148, 'Empire of the Mughal - The Serpent''s Tooth', 1900, 'en', NULL, 15.00, 1, 4, NULL, '2022-07-25 18:17:53', '2022-07-25 18:24:04', 0),
(158, 148, 'Empire of the Mughal - Raiders from the North', 1900, 'en', NULL, 32.00, 1, 4, NULL, '2022-07-25 18:17:53', '2022-07-25 18:24:04', 0),
(159, 153, 'Mossad', 1900, 'en', NULL, 27.00, 1, 4, NULL, '2022-07-25 18:17:53', '2022-07-25 18:24:04', 0),
(160, 154, 'Jim Corbett Omnibus', 1900, 'en', NULL, 29.00, 1, 4, NULL, '2022-07-25 18:17:53', '2022-07-25 18:24:04', 0),
(161, 155, '20000 Leagues Under the Sea', 1900, 'en', NULL, 28.00, 1, 4, NULL, '2022-07-25 18:17:53', '2022-07-25 18:24:04', 0),
(162, 156, 'Batatyachi Chal', 1900, 'en', NULL, 20.00, 1, 4, NULL, '2022-07-25 18:17:53', '2022-07-25 18:24:04', 0),
(163, 156, 'Hafasavnuk', 1900, 'en', NULL, 31.00, 1, 4, NULL, '2022-07-25 18:17:53', '2022-07-25 18:24:04', 0),
(164, 156, 'Urlasurla', 1900, 'en', NULL, 35.00, 1, 4, NULL, '2022-07-25 18:17:53', '2022-07-25 18:24:04', 0),
(165, 68, 'Pointers in C', 1900, 'en', NULL, 20.00, 1, 4, NULL, '2022-07-25 18:17:53', '2022-07-25 18:24:04', 0),
(166, 160, 'The Cathedral and the Bazaar', 1900, 'en', NULL, 11.00, 1, 4, NULL, '2022-07-25 18:17:53', '2022-07-25 18:24:04', 0),
(167, 161, 'Design with OpAmps', 1900, 'en', NULL, 14.00, 1, 4, NULL, '2022-07-25 18:17:53', '2022-07-25 18:24:04', 0),
(168, 162, 'Think Complexity', 1900, 'en', NULL, 24.00, 1, 4, NULL, '2022-07-25 18:17:53', '2022-07-25 18:24:04', 0),
(169, 163, 'The Devil''s Advocate', 1900, 'en', NULL, 17.00, 1, 4, NULL, '2022-07-25 18:17:53', '2022-07-25 18:24:04', 0),
(170, 45, 'Ayn Rand Answers', 1900, 'en', NULL, 30.00, 1, 4, NULL, '2022-07-25 18:17:53', '2022-07-25 18:24:04', 0),
(171, 45, 'Philosophy: Who Needs It', 1900, 'en', NULL, 10.00, 1, 4, NULL, '2022-07-25 18:17:53', '2022-07-25 18:24:04', 0),
(172, 166, 'Data Analysis with Open Source Tools', 1900, 'en', NULL, 28.00, 1, 4, NULL, '2022-07-25 18:17:53', '2022-07-25 18:24:04', 0),
(173, 167, 'Broca''s Brain', 1900, 'en', NULL, 22.00, 1, 4, NULL, '2022-07-25 18:17:53', '2022-07-25 18:24:04', 0),
(174, 168, 'Men of Mathematics', 1900, 'en', NULL, 16.00, 1, 4, NULL, '2022-07-25 18:17:53', '2022-07-25 18:24:04', 0),
(175, 169, 'Oxford book of Modern Science Writing', 1900, 'en', NULL, 32.00, 1, 4, NULL, '2022-07-25 18:17:53', '2022-07-25 18:24:04', 0),
(176, 170, 'Judiciary and Democracy Justice', 1900, 'en', NULL, 26.00, 1, 4, NULL, '2022-07-25 18:17:53', '2022-07-25 18:24:04', 0),
(177, 171, 'The Arthashastra', 1900, 'en', NULL, 21.00, 1, 4, NULL, '2022-07-25 18:17:53', '2022-07-25 18:24:04', 0),
(178, 172, 'We the People', 1900, 'en', NULL, 20.00, 1, 4, NULL, '2022-07-25 18:17:53', '2022-07-25 18:24:04', 0),
(179, 172, 'We the Nation', 1900, 'en', NULL, 25.00, 1, 4, NULL, '2022-07-25 18:17:53', '2022-07-25 18:24:04', 0),
(180, 174, 'The Courtroom Genius', 1900, 'en', NULL, 32.00, 1, 4, NULL, '2022-07-25 18:17:53', '2022-07-25 18:24:04', 0),
(181, 175, 'Dongri to Dubai', 1900, 'en', NULL, 24.00, 1, 4, NULL, '2022-07-25 18:17:53', '2022-07-25 18:24:04', 0),
(182, 176, 'Foundation History of England', 1900, 'en', NULL, 13.00, 1, 4, NULL, '2022-07-25 18:17:53', '2022-07-25 18:24:04', 0),
(183, 80, 'City of Djinns', 1900, 'en', NULL, 35.00, 1, 4, NULL, '2022-07-25 18:17:53', '2022-07-25 18:24:04', 0),
(184, 178, 'India''s Legal System', 1900, 'en', NULL, 24.00, 1, 4, NULL, '2022-07-25 18:17:53', '2022-07-25 18:24:04', 0),
(185, 179, 'More Tears to Cry', 1900, 'en', NULL, 30.00, 1, 4, NULL, '2022-07-25 18:17:53', '2022-07-25 18:24:04', 0),
(186, 180, 'The Ropemaker', 1900, 'en', NULL, 15.00, 1, 4, NULL, '2022-07-25 18:17:53', '2022-07-25 18:24:04', 0),
(188, 182, 'The Prince', 1900, 'en', NULL, 30.00, 1, 4, NULL, '2022-07-25 18:17:53', '2022-07-25 18:24:04', 0),
(189, 183, 'Eyeless in Gaza', 1900, 'en', NULL, 18.00, 1, 4, NULL, '2022-07-25 18:17:53', '2022-07-25 18:24:04', 0),
(190, 184, 'Tales of Beedle the Bard', 1900, 'en', NULL, 14.00, 1, 4, NULL, '2022-07-25 18:17:53', '2022-07-25 18:24:04', 0),
(191, 185, 'Girl with the Dragon Tattoo', 1900, 'en', NULL, 35.00, 1, 4, NULL, '2022-07-25 18:17:53', '2022-07-25 18:24:04', 0),
(192, 185, 'Girl who kicked the Hornet''s Nest', 1900, 'en', NULL, 18.00, 1, 4, NULL, '2022-07-25 18:17:53', '2022-07-25 18:24:04', 0),
(193, 185, 'Girl who played with Fire', 1900, 'en', NULL, 28.00, 1, 4, NULL, '2022-07-25 18:17:53', '2022-07-25 18:24:04', 0),
(194, 28, 'Structure and Randomness', 1900, 'en', NULL, 23.00, 1, 4, NULL, '2022-07-25 18:17:53', '2022-07-25 18:24:04', 0),
(195, 189, 'Image Processing with MATLAB', 1900, 'en', NULL, 24.00, 1, 4, NULL, '2022-07-25 18:17:53', '2022-07-25 18:24:04', 0),
(196, 104, 'Animal Farm', 1900, 'en', NULL, 15.00, 1, 4, NULL, '2022-07-25 18:17:53', '2022-07-25 18:24:04', 0),
(197, 70, 'The Idiot', 1900, 'en', NULL, 18.00, 1, 4, NULL, '2022-07-25 18:17:53', '2022-07-25 18:24:04', 0),
(198, 192, 'A Christmas Carol', 1900, 'en', NULL, 11.00, 1, 4, NULL, '2022-07-25 18:17:53', '2022-07-25 18:24:04', 0);

-- 
-- Dumping data for table authors
--
INSERT INTO authors VALUES
(1, 'Sam Altman', 'USA', '2022-07-25 19:45:03', '2022-07-25 20:12:12', 1),
(2, 'Freddy Vega', 'COL', '2022-07-25 19:45:03', '2022-07-25 20:13:18', 1),
(3, 'Arthur Conan Doyle', 'GBR', '2022-07-25 19:45:03', '2022-07-25 20:13:18', 1),
(4, 'Chuck Palahniuk', 'USA', '2022-07-25 19:45:03', '2022-07-25 20:13:18', 1),
(5, 'Juan Rulfo', 'MEX', '2022-07-25 19:45:03', '2022-07-25 20:13:18', 1),
(6, 'Henning Mankel', 'SWE', '2022-07-25 19:45:03', '2022-07-25 20:13:18', 1),
(7, 'Jaideva Goswami', 'USA', '2022-07-25 19:45:03', '2022-07-25 20:13:18', 1),
(8, 'John Foreman', 'USA', '2022-07-25 19:45:03', '2022-07-25 20:13:18', 1),
(9, 'Stephen Hawking', 'USA', '2022-07-25 19:45:03', '2022-07-25 20:13:18', 1),
(10, 'Stephen Dubner', 'USA', '2022-07-25 19:45:03', '2022-07-25 20:13:18', 1),
(11, 'Edward Said', 'USA', '2022-07-25 19:45:03', '2022-07-25 20:13:18', 1),
(12, 'Vladimir Vapnik', 'RUS', '2022-07-25 19:45:03', '2022-07-25 20:13:18', 1),
(13, 'V P Menon', 'IND', '2022-07-25 19:45:03', '2022-07-25 20:13:18', 1),
(14, 'Leonard Mlodinow', 'USA', '2022-07-25 19:45:03', '2022-07-25 20:13:18', 1),
(15, 'Frank Shih', 'JAP', '2022-07-25 19:45:03', '2022-07-25 20:13:18', 1),
(16, 'Maria Konnikova', 'RUS', '2022-07-25 19:45:03', '2022-07-25 20:13:18', 1),
(17, 'Sebastian Gutierrez', 'ESP', '2022-07-25 19:45:03', '2022-07-25 20:13:18', 1),
(18, 'Kurt Vonnegut', 'USA', '2022-07-25 19:45:03', '2022-07-25 20:13:18', 1),
(19, 'Cedric Villani', 'FRA', '2022-07-25 19:45:03', '2022-07-25 20:13:18', 1),
(20, 'Gerald Sussman', 'USA', '2022-07-25 19:45:03', '2022-07-25 20:13:18', 1),
(21, 'Abraham Eraly', 'IND', '2022-07-25 19:45:03', '2022-07-25 20:13:18', 1),
(22, 'Frank Kafka', 'AUT', '2022-07-25 19:45:03', '2022-07-25 20:13:18', 1),
(23, 'John Pratt', 'USA', '2022-07-25 19:45:03', '2022-07-25 20:13:18', 1),
(24, 'Robert Nisbet', 'USA', '2022-07-25 19:45:03', '2022-07-25 20:13:18', 1),
(25, 'H. G. Wells', 'ENG', '2022-07-25 19:45:03', '2022-07-25 20:13:18', 1),
(26, 'Werner Heisenberg', 'DEU', '2022-07-25 19:45:03', '2022-07-25 20:13:18', 1),
(27, 'Andy Oram', NULL, '2022-07-25 19:45:03', '2022-07-25 20:13:18', 1),
(28, 'Terence Tao', 'AUS', '2022-07-25 19:45:03', '2022-07-25 20:13:18', 1),
(29, 'Drew Conway', 'USA', '2022-07-25 19:45:03', '2022-07-25 20:13:18', 1),
(30, 'Nate Silver', 'USA', '2022-07-25 19:45:03', '2022-07-25 20:13:18', 1),
(31, 'Wes McKinney', 'USA', '2022-07-25 19:45:03', '2022-07-25 20:13:18', 1),
(32, 'Thomas Cormen', 'USA', '2022-07-25 19:45:03', '2022-07-25 20:13:18', 1),
(33, 'Siddhartha Deb', 'IND', '2022-07-25 19:45:03', '2022-07-25 20:13:18', 1),
(34, 'Albert Camus', 'FRA', '2022-07-25 19:45:03', '2022-07-25 20:13:18', 1),
(37, 'Adam Smith', 'ENG', '2022-07-25 19:45:03', '2022-07-25 20:13:18', 1),
(38, 'Ken Follett', 'ENG', '2022-07-25 19:45:03', '2022-07-25 20:13:18', 1),
(39, 'Fritjof Capra', 'AUT', '2022-07-25 19:45:03', '2022-07-25 20:13:18', 1),
(40, 'Richard Feynman', 'USA', '2022-07-25 19:45:03', '2022-07-25 20:13:18', 1),
(41, 'Ernest Hemingway', 'USA', '2022-07-25 19:45:03', '2022-07-25 20:13:18', 1),
(42, 'Frederick Forsyth', 'ENG', '2022-07-25 19:45:03', '2022-07-25 20:13:18', 1),
(43, 'Jeffery Archer', 'ENG', '2022-07-25 19:45:03', '2022-07-25 20:13:18', 1),
(44, 'Randy Pausch', 'USA', '2022-07-25 19:45:03', '2022-07-25 20:13:18', 1),
(45, 'Ayn Rand', 'RUS', '2022-07-25 19:45:03', '2022-07-25 20:13:18', 1),
(46, 'Michael Crichton', 'USA', '2022-07-25 19:45:03', '2022-07-25 20:13:18', 1),
(47, 'John Steinbeck', 'USA', '2022-07-25 19:45:03', '2022-07-25 20:13:18', 1),
(48, 'Edgar Allen Poe', 'USA', '2022-07-25 19:45:03', '2022-07-25 20:13:18', 1),
(51, 'Will Durant', NULL, '2022-07-25 19:45:03', '2022-07-25 20:13:18', 1),
(52, 'P L Deshpande', NULL, '2022-07-25 19:45:03', '2022-07-25 20:13:18', 1),
(56, 'John Grisham', 'USA', '2022-07-25 19:45:03', '2022-07-25 20:13:18', 1),
(57, 'V. S. Naipaul', NULL, '2022-07-25 19:45:03', '2022-07-25 20:13:18', 1),
(58, 'Joseph Heller', NULL, '2022-07-25 19:45:03', '2022-07-25 20:13:18', 1),
(59, 'BBC', NULL, '2022-07-25 19:45:03', '2022-07-25 20:13:18', 1),
(60, 'Bob Dylan', 'USA', '2022-07-25 19:45:03', '2022-07-25 20:13:18', 1),
(61, 'Madan Gupta', 'IND', '2022-07-25 19:45:03', '2022-07-25 20:13:18', 1),
(62, 'Alfred Stonier', NULL, '2022-07-25 19:45:03', '2022-07-25 20:13:18', 1),
(63, 'W. H. Greene', NULL, '2022-07-25 19:45:03', '2022-07-25 20:13:18', 1),
(64, 'Gary Bradsky', NULL, '2022-07-25 19:45:03', '2022-07-25 20:13:18', 1),
(65, 'Andrew Tanenbaum', NULL, '2022-07-25 19:45:03', '2022-07-25 20:13:18', 1),
(66, 'David Forsyth', NULL, '2022-07-25 19:45:03', '2022-07-25 20:13:18', 1),
(67, 'Schilling Taub', NULL, '2022-07-25 19:45:03', '2022-07-25 20:13:18', 1),
(68, 'Yashwant Kanetkar', NULL, '2022-07-25 19:45:03', '2022-07-25 20:13:18', 1),
(69, 'Jonathan Stroud', NULL, '2022-07-25 19:45:03', '2022-07-25 20:13:18', 1),
(70, 'Fyodor Dostoevsky', 'RUS', '2022-07-25 19:45:03', '2022-07-25 20:13:18', 1),
(71, 'Dan Brown', 'USA', '2022-07-25 19:45:03', '2022-07-25 20:13:18', 1),
(72, 'Amartya Sen', NULL, '2022-07-25 19:45:03', '2022-07-25 20:13:18', 1),
(73, 'Amitav Ghosh', NULL, '2022-07-25 19:45:03', '2022-07-25 20:13:18', 1),
(75, 'Lorraine Hansberry', NULL, '2022-07-25 19:45:03', '2022-07-25 20:13:18', 1),
(76, 'Bob Woodward', NULL, '2022-07-25 19:45:03', '2022-07-25 20:13:18', 1),
(78, 'Kuldip Nayar', NULL, '2022-07-25 19:45:03', '2022-07-25 20:13:18', 1),
(79, 'Sunita Deshpande', NULL, '2022-07-25 19:45:03', '2022-07-25 20:13:18', 1),
(80, 'William Dalrymple', NULL, '2022-07-25 19:45:03', '2022-07-25 20:13:18', 1),
(81, 'Various', NULL, '2022-07-25 19:45:03', '2022-07-25 20:13:18', 1),
(85, 'Sanjay Garg', NULL, '2022-07-25 19:45:03', '2022-07-25 20:13:18', 1),
(86, 'V P Kale', NULL, '2022-07-25 19:45:03', '2022-07-25 20:13:18', 1),
(87, 'Shashi Tharoor', 'IND', '2022-07-25 19:45:03', '2022-07-25 20:13:18', 1),
(89, 'Dominique Lapierre', NULL, '2022-07-25 19:45:03', '2022-07-25 20:13:18', 1),
(93, 'Bertrand Russell', 'ENG', '2022-07-25 19:45:03', '2022-07-25 20:13:18', 1),
(94, 'Sam Harris', NULL, '2022-07-25 19:45:03', '2022-07-25 20:13:18', 1),
(96, 'Earle Stanley Gardner', NULL, '2022-07-25 19:45:03', '2022-07-25 20:13:18', 1),
(98, 'Peter Drucker', NULL, '2022-07-25 19:45:03', '2022-07-25 20:13:18', 1),
(99, 'David Bodanis', NULL, '2022-07-25 19:45:03', '2022-07-25 20:13:18', 1),
(100, 'Victor Hugo', 'FRA', '2022-07-25 19:45:03', '2022-07-25 20:13:18', 1),
(103, 'Richard Gordon', NULL, '2022-07-25 19:45:03', '2022-07-25 20:13:18', 1),
(104, 'George Orwell', NULL, '2022-07-25 19:45:03', '2022-07-25 20:13:18', 1),
(107, 'Lee Iacoca', 'USA', '2022-07-25 19:45:03', '2022-07-25 20:13:18', 1),
(108, 'William S Maugham', NULL, '2022-07-25 19:45:03', '2022-07-25 20:13:18', 1),
(111, 'Robert Pirsig', NULL, '2022-07-25 19:45:03', '2022-07-25 20:13:18', 1),
(112, 'Robert Fisk', NULL, '2022-07-25 19:45:03', '2022-07-25 20:13:18', 1),
(114, 'Amir Aczel', NULL, '2022-07-25 19:45:03', '2022-07-25 20:13:18', 1),
(117, 'Samuel Huntington', NULL, '2022-07-25 19:45:03', '2022-07-25 20:13:18', 1),
(119, 'Richard Bach', NULL, '2022-07-25 19:45:03', '2022-07-25 20:13:18', 1),
(120, 'Braithwaite', NULL, '2022-07-25 19:45:03', '2022-07-25 20:13:18', 1),
(121, 'V S Naipaul', NULL, '2022-07-25 19:45:03', '2022-07-25 20:13:18', 1),
(122, 'Jawaharlal Nehru', NULL, '2022-07-25 19:45:03', '2022-07-25 20:13:18', 1),
(128, 'Gerald Durrell', NULL, '2022-07-25 19:45:03', '2022-07-25 20:13:18', 1),
(133, 'Simon Singh', 'ENG', '2022-07-25 19:45:03', '2022-07-25 20:13:18', 1),
(134, 'Hart Duda', NULL, '2022-07-25 19:45:03', '2022-07-25 20:13:18', 1),
(135, 'Thomas Friedman', NULL, '2022-07-25 19:45:03', '2022-07-25 20:13:18', 1),
(138, 'Keith Devlin', NULL, '2022-07-25 19:45:03', '2022-07-25 20:13:18', 1),
(140, 'James Gleick', NULL, '2022-07-25 19:45:03', '2022-07-25 20:13:18', 1),
(141, 'Joy Thomas', NULL, '2022-07-25 19:45:03', '2022-07-25 20:13:18', 1),
(142, 'Muhammad Rashid', NULL, '2022-07-25 19:45:03', '2022-07-25 20:13:18', 1),
(143, 'Ned Mohan', NULL, '2022-07-25 19:45:03', '2022-07-25 20:13:18', 1),
(144, 'Simon Haykin', NULL, '2022-07-25 19:45:03', '2022-07-25 20:13:18', 1),
(148, 'Alex Rutherford', NULL, '2022-07-25 19:45:03', '2022-07-25 20:13:18', 1),
(153, 'Michael Baz-Zohar', NULL, '2022-07-25 19:45:03', '2022-07-25 20:13:18', 1),
(154, 'Jim Corbett', NULL, '2022-07-25 19:45:03', '2022-07-25 20:13:18', 1),
(155, 'Jules Verne', NULL, '2022-07-25 19:45:03', '2022-07-25 20:13:18', 1),
(156, 'Deshpande P L', NULL, '2022-07-25 19:45:03', '2022-07-25 20:13:18', 1),
(160, 'Eric Raymond', NULL, '2022-07-25 19:45:03', '2022-07-25 20:13:18', 1),
(161, 'Sergio Franco', NULL, '2022-07-25 19:45:03', '2022-07-25 20:13:18', 1),
(162, 'Allen Downey', NULL, '2022-07-25 19:45:03', '2022-07-25 20:13:18', 1),
(163, 'Morris West', NULL, '2022-07-25 19:45:03', '2022-07-25 20:13:18', 1),
(166, 'Phillip Janert', NULL, '2022-07-25 19:45:03', '2022-07-25 20:13:18', 1),
(167, 'Carl Sagan', 'USA', '2022-07-25 19:45:03', '2022-07-25 20:13:18', 1),
(168, 'E T Bell', NULL, '2022-07-25 19:45:03', '2022-07-25 20:13:18', 1),
(169, 'Richard Dawkins', NULL, '2022-07-25 19:45:03', '2022-07-25 20:13:18', 1),
(170, 'Sudhanshu Ranjan', 'IND', '2022-07-25 19:45:03', '2022-07-25 20:13:18', 1),
(171, 'Kautiyla', NULL, '2022-07-25 19:45:03', '2022-07-25 20:13:18', 1),
(172, 'Palkhivala', NULL, '2022-07-25 19:45:03', '2022-07-25 20:13:18', 1),
(174, 'Sorabjee', NULL, '2022-07-25 19:45:03', '2022-07-25 20:13:18', 1),
(175, 'Hussain Zaidi', NULL, '2022-07-25 19:45:03', '2022-07-25 20:13:18', 1),
(176, 'Peter Ackroyd', NULL, '2022-07-25 19:45:03', '2022-07-25 20:13:18', 1),
(178, 'Nariman', NULL, '2022-07-25 19:45:03', '2022-07-25 20:13:18', 1),
(179, 'Jean Sassoon', NULL, '2022-07-25 19:45:03', '2022-07-25 20:13:18', 1),
(180, 'Peter Dickinson', NULL, '2022-07-25 19:45:03', '2022-07-25 20:13:18', 1),
(182, 'Machiavelli', NULL, '2022-07-25 19:45:03', '2022-07-25 20:13:18', 1),
(183, 'Aldous Huxley', 'ENG', '2022-07-25 19:45:03', '2022-07-25 20:13:18', 1),
(184, 'J K Rowling', 'ENG', '2022-07-25 19:45:03', '2022-07-25 20:13:18', 1),
(185, 'Steig Larsson', 'SWE', '2022-07-25 19:45:03', '2022-07-25 20:13:18', 1),
(189, 'Steve Eddins', NULL, '2022-07-25 19:45:03', '2022-07-25 20:13:18', 1),
(192, 'Charles Dickens', 'ENG', '2022-07-25 19:45:03', '2022-07-25 20:13:18', 1);

-- 
-- Restore previous SQL mode
-- 
/*!40101 SET SQL_MODE=@OLD_SQL_MODE */;

-- 
-- Enable foreign keys
-- 
/*!40014 SET FOREIGN_KEY_CHECKS = @OLD_FOREIGN_KEY_CHECKS */;
